ds,y
2025-04-21 00:00:00,29.65224085318759
2025-04-21 01:00:00,22.34994051781281
2025-04-21 02:00:00,12.74098994275097
2025-04-21 03:00:00,10.923510748766635
2025-04-21 04:00:00,12.968840432415078
2025-04-21 05:00:00,21.740055116888268
2025-04-21 06:00:00,46.19397118391535
2025-04-21 07:00:00,60.86994162624789
2025-04-21 08:00:00,82.9296896443511
2025-04-21 09:00:00,97.2265076539762
2025-04-21 10:00:00,84.96351719428222
2025-04-21 11:00:00,70.03123666015708
2025-04-21 12:00:00,76.26334369417118
2025-04-21 13:00:00,106.1163653688731
2025-04-21 14:00:00,88.58074874928333
2025-04-21 15:00:00,87.01791709802863
2025-04-21 16:00:00,83.3492084562993
2025-04-21 17:00:00,83.10092495438774
2025-04-21 18:00:00,71.28552739144561
2025-04-21 19:00:00,62.358399164037465
2025-04-21 20:00:00,50.864366539503365
2025-04-21 21:00:00,47.43035637367129
2025-04-21 22:00:00,38.93526770024245
2025-04-21 23:00:00,39.442511829477205
2025-04-22 00:00:00,35.14963424312205
2025-04-22 01:00:00,20.037813764757388
2025-04-22 02:00:00,17.65944984272189
2025-04-22 03:00:00,9.67009815445422
2025-04-22 04:00:00,18.26148542841803
2025-04-22 05:00:00,23.132674267725676
2025-04-22 06:00:00,53.24829023823098
2025-04-22 07:00:00,73.50841512746895
2025-04-22 08:00:00,87.61754203497793
2025-04-22 09:00:00,102.03584579482177
2025-04-22 10:00:00,87.63700936360434
2025-04-22 11:00:00,75.71003670540775
2025-04-22 12:00:00,85.35967958724899
2025-04-22 13:00:00,82.64713854497725
2025-04-22 14:00:00,78.38667926232667
2025-04-22 15:00:00,73.16863248175017
2025-04-22 16:00:00,77.99902036879939
2025-04-22 17:00:00,83.13846620348923
2025-04-22 18:00:00,66.2255539057803
2025-04-22 19:00:00,57.89055962872052
2025-04-22 20:00:00,61.52532013296971
2025-04-22 21:00:00,53.854079601716876
2025-04-22 22:00:00,42.12333905836581
2025-04-22 23:00:00,35.83504576391633
2025-04-23 00:00:00,29.727764702989557
2025-04-23 01:00:00,22.333499597368192
2025-04-23 02:00:00,14.139056769115061
2025-04-23 03:00:00,11.164013754644284
2025-04-23 04:00:00,17.15591551070244
2025-04-23 05:00:00,30.434520468971858
2025-04-23 06:00:00,55.58136541717591
2025-04-23 07:00:00,72.21424293705954
2025-04-23 08:00:00,100.64956438611837
2025-04-23 09:00:00,105.10966647142264
2025-04-23 10:00:00,98.23721433166979
2025-04-23 11:00:00,78.29265556144325
2025-04-23 12:00:00,80.22008100025592
2025-04-23 13:00:00,89.70130770343545
2025-04-23 14:00:00,90.88078843233677
2025-04-23 15:00:00,87.87007273289926
2025-04-23 16:00:00,86.76171609987797
2025-04-23 17:00:00,70.93113174263746
2025-04-23 18:00:00,73.43765944700786
2025-04-23 19:00:00,62.82497680455338
2025-04-23 20:00:00,55.4532289550337
2025-04-23 21:00:00,39.97857965078719
2025-04-23 22:00:00,50.36539600708546
2025-04-23 23:00:00,36.451797033309056
2025-04-24 00:00:00,33.13186430431952
2025-04-24 01:00:00,22.64470399390386
2025-04-24 02:00:00,16.65044451424371
2025-04-24 03:00:00,9.86974331509304
2025-04-24 04:00:00,19.03926791122128
2025-04-24 05:00:00,31.260942628078677
2025-04-24 06:00:00,45.54436501796149
2025-04-24 07:00:00,83.72109115137495
2025-04-24 08:00:00,103.07952390989854
2025-04-24 09:00:00,113.46944588813597
2025-04-24 10:00:00,102.17328590407709
2025-04-24 11:00:00,87.50204134632342
2025-04-24 12:00:00,90.21084075969904
2025-04-24 13:00:00,92.7460271623138
2025-04-24 14:00:00,82.52411875424937
2025-04-24 15:00:00,94.54956296395272
2025-04-24 16:00:00,98.3072813006857
2025-04-24 17:00:00,93.58664382399182
2025-04-24 18:00:00,81.00322855164191
2025-04-24 19:00:00,69.98610812605561
2025-04-24 20:00:00,52.99152540816999
2025-04-24 21:00:00,56.94808219771675
2025-04-24 22:00:00,40.799094951144156
2025-04-24 23:00:00,43.35582992318282
2025-04-25 00:00:00,37.36814072693911
2025-04-25 01:00:00,23.386319525007956
2025-04-25 02:00:00,17.30472989419139
2025-04-25 03:00:00,11.972018410373265
2025-04-25 04:00:00,20.150008418543145
2025-04-25 05:00:00,31.39693574063122
2025-04-25 06:00:00,54.432408696792
2025-04-25 07:00:00,76.4271224388817
2025-04-25 08:00:00,116.90806601861455
2025-04-25 09:00:00,102.30989820186723
2025-04-25 10:00:00,105.55723277748439
2025-04-25 11:00:00,81.60264170011811
2025-04-25 12:00:00,89.17761918999167
2025-04-25 13:00:00,123.14066824189315
2025-04-25 14:00:00,112.64305781454443
2025-04-25 15:00:00,105.14149857335462
2025-04-25 16:00:00,94.20676265160424
2025-04-25 17:00:00,99.65432505332426
2025-04-25 18:00:00,92.44337150108075
2025-04-25 19:00:00,59.70436761644446
2025-04-25 20:00:00,61.63243731535986
2025-04-25 21:00:00,51.665783780974415
2025-04-25 22:00:00,54.92126032708372
2025-04-25 23:00:00,44.18984460424756
2025-04-26 00:00:00,27.695768627895546
2025-04-26 01:00:00,26.520025817936794
2025-04-26 02:00:00,23.773535570276028
2025-04-26 03:00:00,14.961726622852957
2025-04-26 04:00:00,10.153105185772606
2025-04-26 05:00:00,7.3215376764023805
2025-04-26 06:00:00,10.29778799291809
2025-04-26 07:00:00,18.94856932845368
2025-04-26 08:00:00,33.87853163085729
2025-04-26 09:00:00,51.36812261609888
2025-04-26 10:00:00,63.29868145719165
2025-04-26 11:00:00,69.28880863471228
2025-04-26 12:00:00,65.00912225248102
2025-04-26 13:00:00,53.752598891727864
2025-04-26 14:00:00,67.35371904720465
2025-04-26 15:00:00,61.52738187157136
2025-04-26 16:00:00,56.791706708709036
2025-04-26 17:00:00,50.65960033784667
2025-04-26 18:00:00,47.7116802006137
2025-04-26 19:00:00,50.0157017702102
2025-04-26 20:00:00,51.422960648687535
2025-04-26 21:00:00,36.100293889667995
2025-04-26 22:00:00,36.93145962739635
2025-04-26 23:00:00,30.60212764404165
2025-04-27 00:00:00,23.889985779626958
2025-04-27 01:00:00,23.36663151217749
2025-04-27 02:00:00,19.97684864821175
2025-04-27 03:00:00,14.884559221498849
2025-04-27 04:00:00,11.801384364341962
2025-04-27 05:00:00,7.033335057681065
2025-04-27 06:00:00,5.7457452189034
2025-04-27 07:00:00,8.62477049287933
2025-04-27 08:00:00,12.761371834753236
2025-04-27 09:00:00,23.79715531577601
2025-04-27 10:00:00,32.77607337670476
2025-04-27 11:00:00,41.12602814627597
2025-04-27 12:00:00,46.74077448610821
2025-04-27 13:00:00,39.72204238366805
2025-04-27 14:00:00,41.31640146961681
2025-04-27 15:00:00,39.61491750742014
2025-04-27 16:00:00,50.43642523054437
2025-04-27 17:00:00,38.32241232295664
2025-04-27 18:00:00,37.90793837428233
2025-04-27 19:00:00,45.419389555067475
2025-04-27 20:00:00,47.36561070196585
2025-04-27 21:00:00,33.40543929401492
2025-04-27 22:00:00,29.829406370846986
2025-04-27 23:00:00,24.93486538387518
2025-04-28 00:00:00,35.631267858932475
2025-04-28 01:00:00,16.994087776599997
2025-04-28 02:00:00,15.10085300451925
2025-04-28 03:00:00,10.509062923808509
2025-04-28 04:00:00,11.882619535104531
2025-04-28 05:00:00,21.872852406288416
2025-04-28 06:00:00,51.74605702976031
2025-04-28 07:00:00,72.16562682920419
2025-04-28 08:00:00,98.7160021186137
2025-04-28 09:00:00,98.3079031407459
2025-04-28 10:00:00,80.44554770913594
2025-04-28 11:00:00,80.5440157684656
2025-04-28 12:00:00,73.6643038216479
2025-04-28 13:00:00,78.95547738610688
2025-04-28 14:00:00,79.08600375193099
2025-04-28 15:00:00,76.5888405205506
2025-04-28 16:00:00,96.52735609795351
2025-04-28 17:00:00,83.17224083750072
2025-04-28 18:00:00,68.95126901489726
2025-04-28 19:00:00,63.190090907463876
2025-04-28 20:00:00,47.149009923802616
2025-04-28 21:00:00,50.84640231879318
2025-04-28 22:00:00,44.60199105150156
2025-04-28 23:00:00,32.93375965775752
2025-04-29 00:00:00,28.39799913604765
2025-04-29 01:00:00,21.94453844910345
2025-04-29 02:00:00,14.721573911680778
2025-04-29 03:00:00,10.703539710864074
2025-04-29 04:00:00,16.9625171040034
2025-04-29 05:00:00,22.16228695787168
2025-04-29 06:00:00,53.10860266566455
2025-04-29 07:00:00,63.52550685591086
2025-04-29 08:00:00,111.59411798674401
2025-04-29 09:00:00,122.5197738253194
2025-04-29 10:00:00,73.08373671021043
2025-04-29 11:00:00,71.47035377637378
2025-04-29 12:00:00,78.94182159471706
2025-04-29 13:00:00,111.73968340586934
2025-04-29 14:00:00,106.16792232306514
2025-04-29 15:00:00,84.91674417124484
2025-04-29 16:00:00,85.56472610090259
2025-04-29 17:00:00,82.73068371345528
2025-04-29 18:00:00,72.27699913245668
2025-04-29 19:00:00,56.21724392003103
2025-04-29 20:00:00,47.33610650562719
2025-04-29 21:00:00,52.800019020616084
2025-04-29 22:00:00,38.86710188243039
2025-04-29 23:00:00,47.63695308878115
2025-04-30 00:00:00,34.92873211981298
2025-04-30 01:00:00,22.316839050304118
2025-04-30 02:00:00,14.375456609140858
2025-04-30 03:00:00,11.213754128570528
2025-04-30 04:00:00,17.89152194197884
2025-04-30 05:00:00,24.3831435857104
2025-04-30 06:00:00,55.209744553757076
2025-04-30 07:00:00,84.84297482519479
2025-04-30 08:00:00,123.27723533385584
2025-04-30 09:00:00,105.20421477827044
2025-04-30 10:00:00,72.56113385999124
2025-04-30 11:00:00,68.90838499959031
2025-04-30 12:00:00,87.93924861498641
2025-04-30 13:00:00,114.62816143629945
2025-04-30 14:00:00,97.39431208422084
2025-04-30 15:00:00,70.11470368210522
2025-04-30 16:00:00,107.67495073206969
2025-04-30 17:00:00,97.26892549222036
2025-04-30 18:00:00,76.45448920508362
2025-04-30 19:00:00,61.61652073679635
2025-04-30 20:00:00,56.625157575627625
2025-04-30 21:00:00,52.40909227473962
2025-04-30 22:00:00,40.484137424087706
2025-04-30 23:00:00,39.35628234342869
2025-05-01 00:00:00,34.98416900146703
2025-05-01 01:00:00,26.98707606093001
2025-05-01 02:00:00,16.435550710421552
2025-05-01 03:00:00,13.181698076028095
2025-05-01 04:00:00,18.879442709051883
2025-05-01 05:00:00,27.870503054450072
2025-05-01 06:00:00,54.51820667163981
2025-05-01 07:00:00,74.69933411843431
2025-05-01 08:00:00,94.81727290305938
2025-05-01 09:00:00,116.2759163074523
2025-05-01 10:00:00,94.22281811766993
2025-05-01 11:00:00,91.51947379473789
2025-05-01 12:00:00,91.86367159725374
2025-05-01 13:00:00,127.25416545761158
2025-05-01 14:00:00,103.18816734258391
2025-05-01 15:00:00,84.78505852815469
2025-05-01 16:00:00,94.75651343262366
2025-05-01 17:00:00,86.63186875921687
2025-05-01 18:00:00,84.29379203732198
2025-05-01 19:00:00,78.66410921348826
2025-05-01 20:00:00,55.69369567027469
2025-05-01 21:00:00,55.70607208244691
2025-05-01 22:00:00,49.90022168882522
2025-05-01 23:00:00,39.9329887577506
2025-05-02 00:00:00,35.936405741467375
2025-05-02 01:00:00,20.624712179499696
2025-05-02 02:00:00,16.996609420936046
2025-05-02 03:00:00,13.275031004501589
2025-05-02 04:00:00,15.998450592273919
2025-05-02 05:00:00,27.63637459764144
2025-05-02 06:00:00,47.12576172369566
2025-05-02 07:00:00,76.13247490833724
2025-05-02 08:00:00,114.54409074828459
2025-05-02 09:00:00,91.41940581965187
2025-05-02 10:00:00,108.79544145271987
2025-05-02 11:00:00,97.90889365468037
2025-05-02 12:00:00,94.06939571750361
2025-05-02 13:00:00,130.30158606170562
2025-05-02 14:00:00,97.11618029162935
2025-05-02 15:00:00,98.946552046063
2025-05-02 16:00:00,99.22260526676453
2025-05-02 17:00:00,97.4018021510949
2025-05-02 18:00:00,79.09400111774085
2025-05-02 19:00:00,64.11727879511557
2025-05-02 20:00:00,52.18755160669764
2025-05-02 21:00:00,52.16243605689811
2025-05-02 22:00:00,37.73776528245361
2025-05-02 23:00:00,46.61147136232721
2025-05-03 00:00:00,24.167285025377844
2025-05-03 01:00:00,22.22707348710651
2025-05-03 02:00:00,17.21444633495437
2025-05-03 03:00:00,15.186449519315127
2025-05-03 04:00:00,10.352719715527169
2025-05-03 05:00:00,8.355169150241032
2025-05-03 06:00:00,9.66437271211274
2025-05-03 07:00:00,18.84463030988786
2025-05-03 08:00:00,29.42334660474877
2025-05-03 09:00:00,47.102940569726684
2025-05-03 10:00:00,72.97905053105652
2025-05-03 11:00:00,66.94645729245767
2025-05-03 12:00:00,67.07775962586659
2025-05-03 13:00:00,44.841547185380584
2025-05-03 14:00:00,53.58706159403779
2025-05-03 15:00:00,66.96558209268427
2025-05-03 16:00:00,56.56071042004701
2025-05-03 17:00:00,58.394439252326485
2025-05-03 18:00:00,58.73039110276233
2025-05-03 19:00:00,51.71041364681446
2025-05-03 20:00:00,51.613070784970894
2025-05-03 21:00:00,40.040954825286065
2025-05-03 22:00:00,33.378456341613
2025-05-03 23:00:00,29.644967284693845
2025-05-04 00:00:00,24.107305534438566
2025-05-04 01:00:00,19.86493994362704
2025-05-04 02:00:00,15.740810512149062
2025-05-04 03:00:00,17.83092906827337
2025-05-04 04:00:00,11.001225517729777
2025-05-04 05:00:00,7.223648923772888
2025-05-04 06:00:00,4.931503812616762
2025-05-04 07:00:00,8.797427277814426
2025-05-04 08:00:00,13.448484136696317
2025-05-04 09:00:00,26.69700693732177
2025-05-04 10:00:00,37.49962271590654
2025-05-04 11:00:00,45.99732293158392
2025-05-04 12:00:00,51.83028020776295
2025-05-04 13:00:00,49.78422296639362
2025-05-04 14:00:00,32.99271907074621
2025-05-04 15:00:00,43.0389683169057
2025-05-04 16:00:00,47.24536661676164
2025-05-04 17:00:00,45.670447938184026
2025-05-04 18:00:00,37.5121188024742
2025-05-04 19:00:00,43.48276561173977
2025-05-04 20:00:00,35.96989682416237
2025-05-04 21:00:00,32.74303046657071
2025-05-04 22:00:00,32.23474387431628
2025-05-04 23:00:00,27.17880208755341
2025-05-05 00:00:00,31.53574263721973
2025-05-05 01:00:00,19.464740086484664
2025-05-05 02:00:00,15.524785323397898
2025-05-05 03:00:00,7.955425302422747
2025-05-05 04:00:00,12.6784071103349
2025-05-05 05:00:00,25.203725629490723
2025-05-05 06:00:00,47.593302254858166
2025-05-05 07:00:00,80.53506204258358
2025-05-05 08:00:00,98.57513625413762
2025-05-05 09:00:00,84.51700173720432
2025-05-05 10:00:00,80.5969565340348
2025-05-05 11:00:00,82.80039120410925
2025-05-05 12:00:00,88.64799313859702
2025-05-05 13:00:00,89.4867162414796
2025-05-05 14:00:00,83.01168692606177
2025-05-05 15:00:00,80.63048765063569
2025-05-05 16:00:00,89.93376079140086
2025-05-05 17:00:00,81.59150765520863
2025-05-05 18:00:00,71.7865387964939
2025-05-05 19:00:00,67.30837436825493
2025-05-05 20:00:00,48.37980907383768
2025-05-05 21:00:00,46.87826360601681
2025-05-05 22:00:00,36.41493113493103
2025-05-05 23:00:00,38.82960239757181
2025-05-06 00:00:00,33.14766400837392
2025-05-06 01:00:00,23.84813143267977
2025-05-06 02:00:00,17.471591490658994
2025-05-06 03:00:00,9.450975853508107
2025-05-06 04:00:00,15.036145340519273
2025-05-06 05:00:00,27.56801875251043
2025-05-06 06:00:00,51.01219598668759
2025-05-06 07:00:00,73.61804239835902
2025-05-06 08:00:00,122.86290827733649
2025-05-06 09:00:00,102.16552157516197
2025-05-06 10:00:00,94.78708834131726
2025-05-06 11:00:00,74.53220471810467
2025-05-06 12:00:00,78.41823046864229
2025-05-06 13:00:00,108.83432323759769
2025-05-06 14:00:00,92.81611776227967
2025-05-06 15:00:00,81.7296131146826
2025-05-06 16:00:00,87.33550162547725
2025-05-06 17:00:00,86.68740737816054
2025-05-06 18:00:00,66.31559747385229
2025-05-06 19:00:00,61.58700033053207
2025-05-06 20:00:00,46.528914223233265
2025-05-06 21:00:00,51.39831266312766
2025-05-06 22:00:00,37.69551173872166
2025-05-06 23:00:00,33.59162823968418
2025-05-07 00:00:00,30.96408237902193
2025-05-07 01:00:00,23.098918308824896
2025-05-07 02:00:00,16.199882670508593
2025-05-07 03:00:00,11.756518634494526
2025-05-07 04:00:00,20.8505125434338
2025-05-07 05:00:00,25.016360937721284
2025-05-07 06:00:00,48.10706362971489
2025-05-07 07:00:00,69.33604190261107
2025-05-07 08:00:00,100.04130423176082
2025-05-07 09:00:00,101.5734986053734
2025-05-07 10:00:00,101.03625412090493
2025-05-07 11:00:00,82.98541637062473
2025-05-07 12:00:00,90.72714774142212
2025-05-07 13:00:00,118.13419842804981
2025-05-07 14:00:00,91.05583731463562
2025-05-07 15:00:00,91.22353141665948
2025-05-07 16:00:00,96.95893140318806
2025-05-07 17:00:00,84.09013719946947
2025-05-07 18:00:00,71.23525661913496
2025-05-07 19:00:00,73.0677893672785
2025-05-07 20:00:00,63.635555107250966
2025-05-07 21:00:00,43.54741741700073
2025-05-07 22:00:00,43.07545139896231
2025-05-07 23:00:00,37.38837610296621
2025-05-08 00:00:00,29.546960940668402
2025-05-08 01:00:00,21.349312760744
2025-05-08 02:00:00,19.042057488940003
2025-05-08 03:00:00,11.3881055243335
2025-05-08 04:00:00,16.957276048720175
2025-05-08 05:00:00,33.79889780934655
2025-05-08 06:00:00,41.73506442172023
2025-05-08 07:00:00,74.71038290633287
2025-05-08 08:00:00,78.42364970278392
2025-05-08 09:00:00,102.3701632030528
2025-05-08 10:00:00,87.77325360434315
2025-05-08 11:00:00,87.99247436160393
2025-05-08 12:00:00,76.02251023830968
2025-05-08 13:00:00,95.70885435533253
2025-05-08 14:00:00,104.71845846796646
2025-05-08 15:00:00,96.59785845101463
2025-05-08 16:00:00,94.18345347576249
2025-05-08 17:00:00,90.31695545542222
2025-05-08 18:00:00,74.42265321621989
2025-05-08 19:00:00,57.214854481482895
2025-05-08 20:00:00,58.75552759729054
2025-05-08 21:00:00,47.75308342964256
2025-05-08 22:00:00,43.327770726268795
2025-05-08 23:00:00,37.54996396293799
2025-05-09 00:00:00,34.982432678115615
2025-05-09 01:00:00,23.36791586116773
2025-05-09 02:00:00,21.303121325820737
2025-05-09 03:00:00,13.163409034944449
2025-05-09 04:00:00,14.727607719222892
2025-05-09 05:00:00,26.810421898897168
2025-05-09 06:00:00,54.50190055893172
2025-05-09 07:00:00,86.46854218889969
2025-05-09 08:00:00,136.4636130213658
2025-05-09 09:00:00,101.79027116351457
2025-05-09 10:00:00,84.37461238269952
2025-05-09 11:00:00,93.59690602114571
2025-05-09 12:00:00,93.83756360802069
2025-05-09 13:00:00,116.80688584149166
2025-05-09 14:00:00,89.36391777523026
2025-05-09 15:00:00,97.23304506726568
2025-05-09 16:00:00,101.505718031877
2025-05-09 17:00:00,103.59447357074696
2025-05-09 18:00:00,83.91846313767552
2025-05-09 19:00:00,66.09909052576283
2025-05-09 20:00:00,68.06502456177228
2025-05-09 21:00:00,56.514385824501126
2025-05-09 22:00:00,58.44463165850918
2025-05-09 23:00:00,48.985764562343086
2025-05-10 00:00:00,27.458239189413735
2025-05-10 01:00:00,25.593891999626695
2025-05-10 02:00:00,21.391282002391286
2025-05-10 03:00:00,11.013399942334805
2025-05-10 04:00:00,8.550675791300465
2025-05-10 05:00:00,6.540693249880188
2025-05-10 06:00:00,10.991208806728142
2025-05-10 07:00:00,14.847124257732833
2025-05-10 08:00:00,30.37382385292328
2025-05-10 09:00:00,54.02674994154931
2025-05-10 10:00:00,74.48229497330982
2025-05-10 11:00:00,59.680731136671554
2025-05-10 12:00:00,62.82604514186602
2025-05-10 13:00:00,50.62797702195787
2025-05-10 14:00:00,58.766310477713
2025-05-10 15:00:00,67.93029385768529
2025-05-10 16:00:00,58.259119969588184
2025-05-10 17:00:00,58.0908853289096
2025-05-10 18:00:00,53.22022727580614
2025-05-10 19:00:00,58.15400542034466
2025-05-10 20:00:00,52.86277427611047
2025-05-10 21:00:00,41.421895491240505
2025-05-10 22:00:00,30.81932130016954
2025-05-10 23:00:00,30.841960722528494
2025-05-11 00:00:00,23.686379282916832
2025-05-11 01:00:00,21.248370789175592
2025-05-11 02:00:00,16.461898058505557
2025-05-11 03:00:00,13.306518718447151
2025-05-11 04:00:00,11.201860675092227
2025-05-11 05:00:00,8.388063567325016
2025-05-11 06:00:00,4.955095705690204
2025-05-11 07:00:00,7.369194832722117
2025-05-11 08:00:00,12.964811162138593
2025-05-11 09:00:00,19.634637152154244
2025-05-11 10:00:00,35.851495009390646
2025-05-11 11:00:00,46.77141211446631
2025-05-11 12:00:00,48.99181240608722
2025-05-11 13:00:00,37.371298469286856
2025-05-11 14:00:00,39.95948970433649
2025-05-11 15:00:00,48.5634603912746
2025-05-11 16:00:00,50.015677089360544
2025-05-11 17:00:00,37.80965661392526
2025-05-11 18:00:00,41.62992047961858
2025-05-11 19:00:00,34.14279900139381
2025-05-11 20:00:00,42.40168155061964
2025-05-11 21:00:00,33.847294891762566
2025-05-11 22:00:00,31.76044002350981
2025-05-11 23:00:00,25.837556330682805
2025-05-12 00:00:00,38.501916709198795
2025-05-12 01:00:00,16.976698801860184
2025-05-12 02:00:00,13.901306356225762
2025-05-12 03:00:00,7.973454859745752
2025-05-12 04:00:00,14.660543442721655
2025-05-12 05:00:00,27.313948953310465
2025-05-12 06:00:00,35.86534134709905
2025-05-12 07:00:00,66.86697258663202
2025-05-12 08:00:00,89.5118165537914
2025-05-12 09:00:00,78.44494256677618
2025-05-12 10:00:00,100.08185448100453
2025-05-12 11:00:00,76.66712446903938
2025-05-12 12:00:00,80.38797066985857
2025-05-12 13:00:00,102.10004962884399
2025-05-12 14:00:00,85.97153887385865
2025-05-12 15:00:00,79.08951444798687
2025-05-12 16:00:00,75.02918353418336
2025-05-12 17:00:00,76.4944687793634
2025-05-12 18:00:00,59.45695361727645
2025-05-12 19:00:00,52.74380145253757
2025-05-12 20:00:00,46.55025867711353
2025-05-12 21:00:00,44.393648251657694
2025-05-12 22:00:00,41.07142084180504
2025-05-12 23:00:00,30.497301046031293
2025-05-13 00:00:00,30.378547457289457
2025-05-13 01:00:00,20.22094451766063
2025-05-13 02:00:00,17.168607935909556
2025-05-13 03:00:00,10.029696600497958
2025-05-13 04:00:00,13.36325958830708
2025-05-13 05:00:00,26.322395702040517
2025-05-13 06:00:00,45.79573993221042
2025-05-13 07:00:00,74.13573506619639
2025-05-13 08:00:00,85.99320046806147
2025-05-13 09:00:00,88.87146089878958
2025-05-13 10:00:00,86.64846355718915
2025-05-13 11:00:00,77.58640721417102
2025-05-13 12:00:00,80.08663936662414
2025-05-13 13:00:00,91.23380717789563
2025-05-13 14:00:00,88.02937165438775
2025-05-13 15:00:00,73.72415034159815
2025-05-13 16:00:00,87.52218931925383
2025-05-13 17:00:00,85.21525188618344
2025-05-13 18:00:00,75.46104983352836
2025-05-13 19:00:00,48.43475645453422
2025-05-13 20:00:00,41.43359408529603
2025-05-13 21:00:00,48.24663631131878
2025-05-13 22:00:00,44.90717883537518
2025-05-13 23:00:00,36.63427139984851
2025-05-14 00:00:00,40.42061338003653
2025-05-14 01:00:00,21.012366407918975
2025-05-14 02:00:00,19.12639012779004
2025-05-14 03:00:00,10.323866523094685
2025-05-14 04:00:00,21.08143321992922
2025-05-14 05:00:00,26.75167484632169
2025-05-14 06:00:00,47.68399006660176
2025-05-14 07:00:00,56.4974870599449
2025-05-14 08:00:00,104.05027773505746
2025-05-14 09:00:00,101.79591501160411
2025-05-14 10:00:00,102.68598254242036
2025-05-14 11:00:00,80.13625583376611
2025-05-14 12:00:00,94.31024120169991
2025-05-14 13:00:00,103.10856326080824
2025-05-14 14:00:00,91.95786424512646
2025-05-14 15:00:00,92.13633586615684
2025-05-14 16:00:00,94.52369971305723
2025-05-14 17:00:00,102.22307931604348
2025-05-14 18:00:00,77.03733954753885
2025-05-14 19:00:00,59.730691027844216
2025-05-14 20:00:00,53.412637835637696
2025-05-14 21:00:00,57.71055558323337
2025-05-14 22:00:00,45.28617356525749
2025-05-14 23:00:00,45.6122478841472
2025-05-15 00:00:00,39.21107575489869
2025-05-15 01:00:00,25.251075021427653
2025-05-15 02:00:00,17.15567561873083
2025-05-15 03:00:00,11.26000453381629
2025-05-15 04:00:00,15.878817551357729
2025-05-15 05:00:00,30.90476697479071
2025-05-15 06:00:00,58.94407327820117
2025-05-15 07:00:00,87.13337419515074
2025-05-15 08:00:00,117.5449140281512
2025-05-15 09:00:00,111.61811007847325
2025-05-15 10:00:00,79.60051933255889
2025-05-15 11:00:00,79.21735374264156
2025-05-15 12:00:00,98.1963323495082
2025-05-15 13:00:00,102.62182020165149
2025-05-15 14:00:00,98.01891792585302
2025-05-15 15:00:00,112.64002034127986
2025-05-15 16:00:00,80.769614046551
2025-05-15 17:00:00,81.57629407381528
2025-05-15 18:00:00,76.42273662403963
2025-05-15 19:00:00,69.47476356674002
2025-05-15 20:00:00,54.71522627328251
2025-05-15 21:00:00,48.9111632209203
2025-05-15 22:00:00,47.05608642530423
2025-05-15 23:00:00,42.38639331447518
2025-05-16 00:00:00,37.27423058621207
2025-05-16 01:00:00,23.963004437423173
2025-05-16 02:00:00,17.801169549609824
2025-05-16 03:00:00,12.812080653598343
2025-05-16 04:00:00,18.948973098248164
2025-05-16 05:00:00,29.758813400334628
2025-05-16 06:00:00,51.909676077927124
2025-05-16 07:00:00,84.12623381239594
2025-05-16 08:00:00,115.34861776286554
2025-05-16 09:00:00,103.71469854458168
2025-05-16 10:00:00,105.57504550461115
2025-05-16 11:00:00,85.92310919398436
2025-05-16 12:00:00,90.29060838346129
2025-05-16 13:00:00,119.35569834588614
2025-05-16 14:00:00,98.06128123292204
2025-05-16 15:00:00,111.39024448965924
2025-05-16 16:00:00,113.84164284328705
2025-05-16 17:00:00,117.88931381441444
2025-05-16 18:00:00,77.15013857813949
2025-05-16 19:00:00,64.72164456060194
2025-05-16 20:00:00,58.751278291017435
2025-05-16 21:00:00,49.994549806753845
2025-05-16 22:00:00,50.4288214509537
2025-05-16 23:00:00,40.1991279471044
2025-05-17 00:00:00,24.738358341728212
2025-05-17 01:00:00,23.77396083562547
2025-05-17 02:00:00,18.3617551706794
2025-05-17 03:00:00,16.016495509739457
2025-05-17 04:00:00,11.414248268999646
2025-05-17 05:00:00,5.6217798096124145
2025-05-17 06:00:00,12.583321890349913
2025-05-17 07:00:00,18.48116022932869
2025-05-17 08:00:00,29.85388163946809
2025-05-17 09:00:00,49.033789170225354
2025-05-17 10:00:00,56.2394825457839
2025-05-17 11:00:00,61.0552019611411
2025-05-17 12:00:00,58.928388182007616
2025-05-17 13:00:00,54.856265106994684
2025-05-17 14:00:00,49.08413215498967
2025-05-17 15:00:00,60.30905657386733
2025-05-17 16:00:00,62.780096310863335
2025-05-17 17:00:00,50.52940272312358
2025-05-17 18:00:00,64.30187246000405
2025-05-17 19:00:00,50.420757470783414
2025-05-17 20:00:00,44.67821585246301
2025-05-17 21:00:00,37.35992226753766
2025-05-17 22:00:00,38.70490465656462
2025-05-17 23:00:00,30.82398926524661
2025-05-18 00:00:00,23.818489922458138
2025-05-18 01:00:00,17.81746899986433
2025-05-18 02:00:00,17.75817510881462
2025-05-18 03:00:00,15.619911072258402
2025-05-18 04:00:00,11.280086951067334
2025-05-18 05:00:00,7.573635819577294
2025-05-18 06:00:00,5.651947272108668
2025-05-18 07:00:00,6.765742857339917
2025-05-18 08:00:00,14.049144031757116
2025-05-18 09:00:00,21.78359722598578
2025-05-18 10:00:00,31.79198450876741
2025-05-18 11:00:00,43.42834928936935
2025-05-18 12:00:00,42.09619028894279
2025-05-18 13:00:00,42.4522389490224
2025-05-18 14:00:00,38.23250288050872
2025-05-18 15:00:00,41.811056588073484
2025-05-18 16:00:00,50.94815097880934
2025-05-18 17:00:00,44.43577744491699
2025-05-18 18:00:00,35.06963223757484
2025-05-18 19:00:00,50.50175213526834
2025-05-18 20:00:00,41.0445924257527
2025-05-18 21:00:00,34.173455331707785
2025-05-18 22:00:00,29.304593661995302
2025-05-18 23:00:00,20.963113472626336
2025-05-19 00:00:00,28.870879857830424
2025-05-19 01:00:00,18.74257588786248
2025-05-19 02:00:00,14.800720385201217
2025-05-19 03:00:00,10.162578983043401
2025-05-19 04:00:00,12.969040548718024
2025-05-19 05:00:00,27.566063208802568
2025-05-19 06:00:00,37.03474329546488
2025-05-19 07:00:00,71.95120566615627
2025-05-19 08:00:00,101.65417900091697
2025-05-19 09:00:00,87.1272859670802
2025-05-19 10:00:00,87.14615170161743
2025-05-19 11:00:00,85.18464315102773
2025-05-19 12:00:00,94.97280948649944
2025-05-19 13:00:00,104.13820586324499
2025-05-19 14:00:00,81.02618067158834
2025-05-19 15:00:00,70.30410621557154
2025-05-19 16:00:00,74.49746276635933
2025-05-19 17:00:00,80.08306657405754
2025-05-19 18:00:00,68.46560179479728
2025-05-19 19:00:00,57.56569112563101
2025-05-19 20:00:00,52.45588376567388
2025-05-19 21:00:00,49.015034549367215
2025-05-19 22:00:00,39.4258143707567
2025-05-19 23:00:00,33.833288155611875
2025-05-20 00:00:00,31.357350683744066
2025-05-20 01:00:00,16.257443030561063
2025-05-20 02:00:00,17.767916998802313
2025-05-20 03:00:00,10.432812972131398
2025-05-20 04:00:00,17.089295589861262
2025-05-20 05:00:00,25.317544049487736
2025-05-20 06:00:00,51.93153237650264
2025-05-20 07:00:00,87.78752724754152
2025-05-20 08:00:00,102.50470807719216
2025-05-20 09:00:00,80.94250302777229
2025-05-20 10:00:00,77.88775098524371
2025-05-20 11:00:00,84.53825066790951
2025-05-20 12:00:00,85.99257314477926
2025-05-20 13:00:00,97.24982020960235
2025-05-20 14:00:00,82.49090951792557
2025-05-20 15:00:00,92.71147214833577
2025-05-20 16:00:00,90.54359912424462
2025-05-20 17:00:00,75.5634519650549
2025-05-20 18:00:00,70.165703127838
2025-05-20 19:00:00,54.74216743755087
2025-05-20 20:00:00,53.87704474311555
2025-05-20 21:00:00,46.895160491038204
2025-05-20 22:00:00,37.482488001598696
2025-05-20 23:00:00,41.20739732494685
